{"climate_data_raw": {"fpr": [0.0, 0.07046687146812303, 1.0], "tpr": [0.0, 0.7885993855956309, 1.0], "auc": 0.8590662570637541}}