{"climate_data_clean": {"fpr": [0.0, 0.09785261102977062, 1.0], "tpr": [0.0, 0.7064421669106882, 1.0], "auc": 0.8042947779404588}}