{"climate_data_raw": {"fpr": [0.0, 0.06766033299199757, 1.0], "tpr": [0.0, 0.7970190010240072, 1.0], "auc": 0.8646793340160048}}