{"climate_data_generalized": {"fpr": [0.0, 0.09645824629810147, 1.0], "tpr": [0.0, 0.7106252611056956, 1.0], "auc": 0.8070835074037971}}